Name,,SecId,Monthly Return 1986-05 Base Currency,Monthly Return 1986-06 Base Currency,Monthly Return 1986-07 Base Currency,Monthly Return 1986-08 Base Currency,Monthly Return 1986-09 Base Currency,Monthly Return 1986-10 Base Currency,Monthly Return 1986-11 Base Currency,Monthly Return 1986-12 Base Currency,Monthly Return 1987-01 Base Currency,Monthly Return 1987-02 Base Currency,Monthly Return 1987-03 Base Currency,Monthly Return 1987-04 Base Currency,Monthly Return 1987-05 Base Currency,Monthly Return 1987-06 Base Currency,Monthly Return 1987-07 Base Currency,Monthly Return 1987-08 Base Currency,Monthly Return 1987-09 Base Currency,Monthly Return 1987-10 Base Currency,Monthly Return 1987-11 Base Currency,Monthly Return 1987-12 Base Currency,Monthly Return 1988-01 Base Currency,Monthly Return 1988-02 Base Currency,Monthly Return 1988-03 Base Currency,Monthly Return 1988-04 Base Currency,Monthly Return 1988-05 Base Currency,Monthly Return 1988-06 Base Currency,Monthly Return 1988-07 Base Currency,Monthly Return 1988-08 Base Currency,Monthly Return 1988-09 Base Currency,Monthly Return 1988-10 Base Currency,Monthly Return 1988-11 Base Currency,Monthly Return 1988-12 Base Currency,Monthly Return 1989-01 Base Currency,Monthly Return 1989-02 Base Currency,Monthly Return 1989-03 Base Currency,Monthly Return 1989-04 Base Currency,Monthly Return 1989-05 Base Currency,Monthly Return 1989-06 Base Currency,Monthly Return 1989-07 Base Currency,Monthly Return 1989-08 Base Currency,Monthly Return 1989-09 Base Currency,Monthly Return 1989-10 Base Currency,Monthly Return 1989-11 Base Currency,Monthly Return 1989-12 Base Currency,Monthly Return 1990-01 Base Currency,Monthly Return 1990-02 Base Currency,Monthly Return 1990-03 Base Currency,Monthly Return 1990-04 Base Currency,Monthly Return 1990-05 Base Currency,Monthly Return 1990-06 Base Currency,Monthly Return 1990-07 Base Currency,Monthly Return 1990-08 Base Currency,Monthly Return 1990-09 Base Currency,Monthly Return 1990-10 Base Currency,Monthly Return 1990-11 Base Currency,Monthly Return 1990-12 Base Currency,Monthly Return 1991-01 Base Currency,Monthly Return 1991-02 Base Currency,Monthly Return 1991-03 Base Currency,Monthly Return 1991-04 Base Currency,Monthly Return 1991-05 Base Currency,Monthly Return 1991-06 Base Currency,Monthly Return 1991-07 Base Currency,Monthly Return 1991-08 Base Currency,Monthly Return 1991-09 Base Currency,Monthly Return 1991-10 Base Currency,Monthly Return 1991-11 Base Currency,Monthly Return 1991-12 Base Currency,Monthly Return 1992-01 Base Currency,Monthly Return 1992-02 Base Currency,Monthly Return 1992-03 Base Currency,Monthly Return 1992-04 Base Currency,Monthly Return 1992-05 Base Currency,Monthly Return 1992-06 Base Currency,Monthly Return 1992-07 Base Currency,Monthly Return 1992-08 Base Currency,Monthly Return 1992-09 Base Currency,Monthly Return 1992-10 Base Currency,Monthly Return 1992-11 Base Currency,Monthly Return 1992-12 Base Currency,Monthly Return 1993-01 Base Currency,Monthly Return 1993-02 Base Currency,Monthly Return 1993-03 Base Currency,Monthly Return 1993-04 Base Currency,Monthly Return 1993-05 Base Currency,Monthly Return 1993-06 Base Currency,Monthly Return 1993-07 Base Currency,Monthly Return 1993-08 Base Currency,Monthly Return 1993-09 Base Currency,Monthly Return 1993-10 Base Currency,Monthly Return 1993-11 Base Currency,Monthly Return 1993-12 Base Currency,Monthly Return 1994-01 Base Currency,Monthly Return 1994-02 Base Currency,Monthly Return 1994-03 Base Currency,Monthly Return 1994-04 Base Currency,Monthly Return 1994-05 Base Currency,Monthly Return 1994-06 Base Currency,Monthly Return 1994-07 Base Currency,Monthly Return 1994-08 Base Currency,Monthly Return 1994-09 Base Currency,Monthly Return 1994-10 Base Currency,Monthly Return 1994-11 Base Currency,Monthly Return 1994-12 Base Currency,Monthly Return 1995-01 Base Currency,Monthly Return 1995-02 Base Currency,Monthly Return 1995-03 Base Currency,Monthly Return 1995-04 Base Currency,Monthly Return 1995-05 Base Currency,Monthly Return 1995-06 Base Currency,Monthly Return 1995-07 Base Currency,Monthly Return 1995-08 Base Currency,Monthly Return 1995-09 Base Currency,Monthly Return 1995-10 Base Currency,Monthly Return 1995-11 Base Currency,Monthly Return 1995-12 Base Currency,Monthly Return 1996-01 Base Currency,Monthly Return 1996-02 Base Currency,Monthly Return 1996-03 Base Currency,Monthly Return 1996-04 Base Currency,Monthly Return 1996-05 Base Currency,Monthly Return 1996-06 Base Currency,Monthly Return 1996-07 Base Currency,Monthly Return 1996-08 Base Currency,Monthly Return 1996-09 Base Currency,Monthly Return 1996-10 Base Currency,Monthly Return 1996-11 Base Currency,Monthly Return 1996-12 Base Currency,Monthly Return 1997-01 Base Currency,Monthly Return 1997-02 Base Currency,Monthly Return 1997-03 Base Currency,Monthly Return 1997-04 Base Currency,Monthly Return 1997-05 Base Currency,Monthly Return 1997-06 Base Currency,Monthly Return 1997-07 Base Currency,Monthly Return 1997-08 Base Currency,Monthly Return 1997-09 Base Currency,Monthly Return 1997-10 Base Currency,Monthly Return 1997-11 Base Currency,Monthly Return 1997-12 Base Currency,Monthly Return 1998-01 Base Currency,Monthly Return 1998-02 Base Currency,Monthly Return 1998-03 Base Currency,Monthly Return 1998-04 Base Currency,Monthly Return 1998-05 Base Currency,Monthly Return 1998-06 Base Currency,Monthly Return 1998-07 Base Currency,Monthly Return 1998-08 Base Currency,Monthly Return 1998-09 Base Currency,Monthly Return 1998-10 Base Currency,Monthly Return 1998-11 Base Currency,Monthly Return 1998-12 Base Currency,Monthly Return 1999-01 Base Currency,Monthly Return 1999-02 Base Currency,Monthly Return 1999-03 Base Currency,Monthly Return 1999-04 Base Currency,Monthly Return 1999-05 Base Currency,Monthly Return 1999-06 Base Currency,Monthly Return 1999-07 Base Currency,Monthly Return 1999-08 Base Currency,Monthly Return 1999-09 Base Currency,Monthly Return 1999-10 Base Currency,Monthly Return 1999-11 Base Currency,Monthly Return 1999-12 Base Currency,Monthly Return 2000-01 Base Currency,Monthly Return 2000-02 Base Currency,Monthly Return 2000-03 Base Currency,Monthly Return 2000-04 Base Currency,Monthly Return 2000-05 Base Currency,Monthly Return 2000-06 Base Currency,Monthly Return 2000-07 Base Currency,Monthly Return 2000-08 Base Currency,Monthly Return 2000-09 Base Currency,Monthly Return 2000-10 Base Currency,Monthly Return 2000-11 Base Currency,Monthly Return 2000-12 Base Currency,Monthly Return 2001-01 Base Currency,Monthly Return 2001-02 Base Currency,Monthly Return 2001-03 Base Currency,Monthly Return 2001-04 Base Currency,Monthly Return 2001-05 Base Currency,Monthly Return 2001-06 Base Currency,Monthly Return 2001-07 Base Currency,Monthly Return 2001-08 Base Currency,Monthly Return 2001-09 Base Currency,Monthly Return 2001-10 Base Currency,Monthly Return 2001-11 Base Currency,Monthly Return 2001-12 Base Currency,Monthly Return 2002-01 Base Currency,Monthly Return 2002-02 Base Currency,Monthly Return 2002-03 Base Currency,Monthly Return 2002-04 Base Currency,Monthly Return 2002-05 Base Currency,Monthly Return 2002-06 Base Currency,Monthly Return 2002-07 Base Currency,Monthly Return 2002-08 Base Currency,Monthly Return 2002-09 Base Currency,Monthly Return 2002-10 Base Currency,Monthly Return 2002-11 Base Currency,Monthly Return 2002-12 Base Currency,Monthly Return 2003-01 Base Currency,Monthly Return 2003-02 Base Currency,Monthly Return 2003-03 Base Currency,Monthly Return 2003-04 Base Currency,Monthly Return 2003-05 Base Currency,Monthly Return 2003-06 Base Currency,Monthly Return 2003-07 Base Currency,Monthly Return 2003-08 Base Currency,Monthly Return 2003-09 Base Currency,Monthly Return 2003-10 Base Currency,Monthly Return 2003-11 Base Currency,Monthly Return 2003-12 Base Currency,Monthly Return 2004-01 Base Currency,Monthly Return 2004-02 Base Currency,Monthly Return 2004-03 Base Currency,Monthly Return 2004-04 Base Currency,Monthly Return 2004-05 Base Currency,Monthly Return 2004-06 Base Currency,Monthly Return 2004-07 Base Currency,Monthly Return 2004-08 Base Currency,Monthly Return 2004-09 Base Currency,Monthly Return 2004-10 Base Currency,Monthly Return 2004-11 Base Currency,Monthly Return 2004-12 Base Currency,Monthly Return 2005-01 Base Currency,Monthly Return 2005-02 Base Currency,Monthly Return 2005-03 Base Currency,Monthly Return 2005-04 Base Currency,Monthly Return 2005-05 Base Currency,Monthly Return 2005-06 Base Currency,Monthly Return 2005-07 Base Currency,Monthly Return 2005-08 Base Currency,Monthly Return 2005-09 Base Currency,Monthly Return 2005-10 Base Currency,Monthly Return 2005-11 Base Currency,Monthly Return 2005-12 Base Currency,Monthly Return 2006-01 Base Currency,Monthly Return 2006-02 Base Currency,Monthly Return 2006-03 Base Currency,Monthly Return 2006-04 Base Currency,Monthly Return 2006-05 Base Currency,Monthly Return 2006-06 Base Currency,Monthly Return 2006-07 Base Currency,Monthly Return 2006-08 Base Currency,Monthly Return 2006-09 Base Currency,Monthly Return 2006-10 Base Currency,Monthly Return 2006-11 Base Currency,Monthly Return 2006-12 Base Currency,Monthly Return 2007-01 Base Currency,Monthly Return 2007-02 Base Currency,Monthly Return 2007-03 Base Currency,Monthly Return 2007-04 Base Currency,Monthly Return 2007-05 Base Currency,Monthly Return 2007-06 Base Currency,Monthly Return 2007-07 Base Currency,Monthly Return 2007-08 Base Currency,Monthly Return 2007-09 Base Currency,Monthly Return 2007-10 Base Currency,Monthly Return 2007-11 Base Currency,Monthly Return 2007-12 Base Currency,Monthly Return 2008-01 Base Currency,Monthly Return 2008-02 Base Currency,Monthly Return 2008-03 Base Currency,Monthly Return 2008-04 Base Currency,Monthly Return 2008-05 Base Currency,Monthly Return 2008-06 Base Currency,Monthly Return 2008-07 Base Currency,Monthly Return 2008-08 Base Currency,Monthly Return 2008-09 Base Currency,Monthly Return 2008-10 Base Currency,Monthly Return 2008-11 Base Currency,Monthly Return 2008-12 Base Currency,Monthly Return 2009-01 Base Currency,Monthly Return 2009-02 Base Currency,Monthly Return 2009-03 Base Currency,Monthly Return 2009-04 Base Currency,Monthly Return 2009-05 Base Currency,Monthly Return 2009-06 Base Currency,Monthly Return 2009-07 Base Currency,Monthly Return 2009-08 Base Currency,Monthly Return 2009-09 Base Currency,Monthly Return 2009-10 Base Currency,Monthly Return 2009-11 Base Currency,Monthly Return 2009-12 Base Currency,Monthly Return 2010-01 Base Currency,Monthly Return 2010-02 Base Currency,Monthly Return 2010-03 Base Currency,Monthly Return 2010-04 Base Currency,Monthly Return 2010-05 Base Currency,Monthly Return 2010-06 Base Currency,Monthly Return 2010-07 Base Currency,Monthly Return 2010-08 Base Currency,Monthly Return 2010-09 Base Currency,Monthly Return 2010-10 Base Currency,Monthly Return 2010-11 Base Currency,Monthly Return 2010-12 Base Currency,Monthly Return 2011-01 Base Currency,Monthly Return 2011-02 Base Currency,Monthly Return 2011-03 Base Currency,Monthly Return 2011-04 Base Currency,Monthly Return 2011-05 Base Currency,Monthly Return 2011-06 Base Currency,Monthly Return 2011-07 Base Currency,Monthly Return 2011-08 Base Currency,Monthly Return 2011-09 Base Currency,Monthly Return 2011-10 Base Currency,Monthly Return 2011-11 Base Currency,Monthly Return 2011-12 Base Currency,Monthly Return 2012-01 Base Currency,Monthly Return 2012-02 Base Currency,Monthly Return 2012-03 Base Currency,Monthly Return 2012-04 Base Currency,Monthly Return 2012-05 Base Currency,Monthly Return 2012-06 Base Currency,Monthly Return 2012-07 Base Currency,Monthly Return 2012-08 Base Currency,Monthly Return 2012-09 Base Currency,Monthly Return 2012-10 Base Currency,Monthly Return 2012-11 Base Currency,Monthly Return 2012-12 Base Currency,Monthly Return 2013-01 Base Currency,Monthly Return 2013-02 Base Currency,Monthly Return 2013-03 Base Currency,Monthly Return 2013-04 Base Currency,Monthly Return 2013-05 Base Currency,Monthly Return 2013-06 Base Currency,Monthly Return 2013-07 Base Currency,Monthly Return 2013-08 Base Currency,Monthly Return 2013-09 Base Currency,Monthly Return 2013-10 Base Currency,Monthly Return 2013-11 Base Currency,Monthly Return 2013-12 Base Currency,Monthly Return 2014-01 Base Currency,Monthly Return 2014-02 Base Currency,Monthly Return 2014-03 Base Currency,Monthly Return 2014-04 Base Currency,Monthly Return 2014-05 Base Currency,Monthly Return 2014-06 Base Currency,Monthly Return 2014-07 Base Currency,Monthly Return 2014-08 Base Currency,Monthly Return 2014-09 Base Currency,Monthly Return 2014-10 Base Currency,Monthly Return 2014-11 Base Currency,Monthly Return 2014-12 Base Currency,Monthly Return 2015-01 Base Currency,Monthly Return 2015-02 Base Currency,Monthly Return 2015-03 Base Currency,Monthly Return 2015-04 Base Currency,Monthly Return 2015-05 Base Currency,Monthly Return 2015-06 Base Currency,Monthly Return 2015-07 Base Currency,Monthly Return 2015-08 Base Currency,Monthly Return 2015-09 Base Currency,Monthly Return 2015-10 Base Currency,Monthly Return 2015-11 Base Currency,Monthly Return 2015-12 Base Currency,Monthly Return 2016-01 Base Currency,Monthly Return 2016-02 Base Currency,Monthly Return 2016-03 Base Currency,Monthly Return 2016-04 Base Currency,Monthly Return 2016-05 Base Currency,Monthly Return 2016-06 Base Currency,Inception Date
"50 HFRI Eq Hedge, 50 HFRI Ev Driven",Directional Hedge Funds,,,,,,,,,,,,,,,,,,,,,,,,,,,,,,,,,,,,,,,,,,,,,,,,,,,,,,,,,,,,,,,,,,,,,,,,,,,,,,,,,,,,,,,,,,,,,,,,,,,,,,,,,,,,,,,,,,,,,,,,,,,,,,,,,,,,,,,,,,,,,,,,3.74,0.85,-1.23,0.41,-0.62,-8.27,1.27,1.86,3.14,4.06,3.31,-1.44,3.06,5.19,1.61,3.37,0.71,-0.37,0.98,1.38,5.07,7.13,0.49,6.88,0.88,-2.84,-1.61,3.88,-0.71,3.68,-0.22,-1.67,-3.31,2.78,3.73,-1.47,-1.28,1.75,1.42,0.4,-0.38,0.04,-3.5,1.96,1.78,1.75,0.5,-1.13,1.97,0.23,-0.17,-3.22,-4.14,0.32,-1.73,0.63,2.8,-0.44,0.65,-0.44,0.45,2.79,4.12,1.99,1.93,2.16,1.03,2.82,1.38,2.03,2.37,1.16,0.21,-1.32,-0.25,1.41,-1.4,0.06,1.68,0.99,3.7,2.28,-0.36,1.76,-0.63,-1.97,1.38,1.64,2.65,0.82,1.62,-1.83,1.72,1.94,3.64,0.5,2.51,1.7,-1.43,-0.33,-0.49,1.04,0.2,2.09,1.94,1.5,1.37,0.82,1.19,1.92,2.21,0.45,-0.36,-1.69,2.37,2.68,-2.71,0.13,-3.5,0.86,-2.12,1.73,1.95,-2.02,-2.14,-1.33,-7.08,-8.83,-3.71,-0.64,-0.25,-1.81,2.09,4.32,5.55,0.86,3,1.83,3.49,-0.09,1.42,2.22,-0.29,0.86,3.09,1.47,-3.36,-1.47,2.17,-0.88,3.63,2.11,0.45,3.1,1.05,1.33,0.43,1.27,-0.87,-1.14,-0.26,-4.31,-4.99,3.97,-1.6,-0.56,3.21,2.38,0.2,-0.58,-3.52,0.54,0.38,1.16,1.54,0.17,0.74,1.81,2.81,0.34,1.11,0.68,1.53,-1.34,1.83,-0.54,2.1,1.76,1.12,1.3,-0.49,2.2,-0.15,-0.33,1.02,1.52,-0.81,0.99,-1.71,-0.87,0.42,-0.32,-1.01,2.76,0.39,1.49,1,-1.04,-1.02,-2.69,-2.13,2.22,-0.39,-1.15,-3.83,0.02,3.34,1.66,1.07,1.07,1/2/1998
"50 HFRI Macro, 50 HFRI RV",Multi Strategy Hedge Funds,,,,,,,,,,,,,,,,,,,,,,,,,,,,,,,,,,,,,,,,,,,,,,,,2.72,0.38,2.78,1.3,2.59,-2.12,0.03,1.58,1.23,1.05,1.17,4.71,4.75,0.06,0.35,1.08,1.93,3.6,4,0.91,0.71,3.13,4.26,1.47,-0.24,1.62,4.47,1.67,1.88,-0.22,1.3,2.59,2.44,1.24,1.62,3.04,4.61,2.55,2.73,4.39,2.73,2.91,0.34,3.3,0.54,5.31,2.29,-2.98,-1.55,-0.81,1.06,0.18,0.9,1.37,-0.2,0.01,0.21,-0.52,0.2,1.27,1.02,1.17,1.65,1.1,2.55,3.47,2.31,0.39,2.65,2.64,3.37,-1.17,0.76,2.58,0.83,-0.04,-1.81,1.13,1.4,0.88,2.87,0.7,3.26,1.34,-0.95,0.54,1.83,1.87,3.74,0.09,2.46,-0.32,0.53,1.92,1.09,1.64,3.31,0.9,0.19,0.36,-0.14,-4.75,-0.16,-1.15,1.82,1.54,1.71,-0.56,0.82,3.33,0.14,1.76,0.64,0.13,0.78,-0.11,2.45,4.17,1.48,2.47,-0.23,-1.14,-0.43,1.71,0.49,1.66,-0.64,-0.59,0.07,2.62,2.1,-0.33,0.54,0.32,0.41,0.1,0.2,0.71,0.44,1.78,0.34,1.05,0.72,-0.58,1.37,0.49,1.04,0.51,-0.27,0.66,0.61,-0.62,0.33,2.05,1.77,1.3,-0.76,1.31,3.32,0.51,0.38,1.11,1.56,1.39,0.34,2.31,0.93,1.27,0.78,-1.67,-0.52,0.03,0.16,0.3,0.6,0.57,1.94,0.68,-0.14,1.29,-0.48,-0.95,0.12,1.01,1.04,0.71,1.64,-0.49,1.14,1.38,2.3,0.08,1.24,1.94,-0.58,0.03,0.08,0.47,-0.2,1.18,1.87,1.44,0.87,0.49,0.33,1.52,1.65,1.03,0.11,-1.4,2.29,2.68,-0.71,0.81,-0.1,2.06,-1.61,0.68,1.24,0.28,-1.72,-0.66,-3.56,-3.2,-1.03,0.44,0.98,0.2,0.19,1.51,3.73,0.19,1.73,1.06,2.08,0.37,1.39,0.37,-0.21,0.36,1.61,1.1,-1.69,0.12,0.82,1.25,2.18,1.9,-0.23,2.2,0.21,1.09,-0.4,1.6,-1.1,-1,0.83,-1.34,-1.46,0.17,-0.62,0.07,1.62,1.18,-0.4,-0.14,-0.33,-0.27,1.61,0.41,0.64,-0.59,0.25,1.1,1.65,-0.15,0.65,0.86,-0.59,-1.38,0.26,-0.6,0.47,0.96,0.5,0.62,-0.13,1.34,-0.21,0.32,0.71,0.83,-0.22,1.04,0.36,-0.43,1.24,-0.11,1.27,0.82,0.46,-0.06,0.17,-1.5,0.32,-1.45,-0.46,0.37,0.58,-1.06,-0.31,0.46,0.41,0.78,0.04,0.04,1/2/1990
Barclays High Yield Corporate TR USD,High Yield Credit,F00000VF4S,,,,,,,,,,,,,,,,,,,,,,,,,,,,,,,,,,,,,,,,,,,,,,,,,,,,,,,,,,,,,,,,,,,,,,,,,,,,,,,,,,,,,,,,,,,,,,,,,,,,,,,,,,3.44,1.06,2.55,2.81,0.66,1.3,0.31,1.24,0.61,0.88,1.57,1.75,0.08,-0.07,0.22,0.59,0.83,0.46,1.09,2.4,0.76,1.96,0.72,0.97,1.65,-1.49,1.05,2.14,1.39,2.75,-0.23,1.98,0.09,0.96,0.88,1.79,0.59,0.94,0.39,0.36,0.36,0.58,-5.49,0.47,-2.01,4.15,0.04,1.56,-0.61,0.95,1.94,-1.36,-0.21,0.39,-1.11,-0.74,-0.67,1.17,1.13,-0.45,0.17,-2.04,0.25,-0.95,2.04,0.76,0.68,-0.87,-3.2,-3.96,1.93,7.49,1.33,-2.36,-1.24,1.8,-2.8,1.47,1.18,-6.72,2.47,3.65,-0.41,0.7,-1.4,2.41,1.56,-0.52,-7.37,-4.37,2.85,-1.31,-0.87,6.19,1.4,3.33,1.23,2.88,5.93,1.03,2.88,-1.1,1.15,2.73,2.02,1.52,2.26,1.91,-0.25,0.68,-0.68,-1.69,1.43,1.36,1.96,1.45,1.81,1.21,1.49,-0.13,1.47,-2.91,-0.97,1.78,1.96,1.75,0.19,-1,-0.7,0.52,0.86,1.6,0.67,0.6,0.62,-0.01,-0.35,0.98,1.62,1.42,1.36,1.68,1.1,1.12,1.4,0.11,1.3,0.75,-1.8,-3.54,1.36,2.62,0.6,-2.17,0.29,-1.33,-1.36,-0.34,4.31,0.36,-2.8,-1.33,0.35,-7.98,-15.91,-9.31,7.68,5.99,-3.1,3.19,12.11,6.73,2.86,6.09,1.86,5.7,1.8,1.01,3.28,1.27,0.17,3.13,2.34,-3.59,1.24,3.56,0.04,3.01,2.58,-1.17,1.81,2.21,1.31,0.32,1.55,0.49,-0.97,1.16,-4,-3.27,5.99,-2.16,2.66,3.04,2.37,-0.14,1.05,-1.31,2.11,1.9,1.17,1.39,0.88,0.8,1.58,1.34,0.51,1.02,1.81,-0.58,-2.62,1.9,-0.61,0.99,2.51,0.51,0.54,0.7,2.02,0.24,0.63,0.92,0.84,-1.33,1.59,-2.09,1.19,-0.73,-1.45,0.66,2.41,-0.55,1.21,0.3,-1.49,-0.58,-1.74,-2.6,2.75,-2.22,-2.52,-1.61,0.57,4.44,3.92,0.62,0.62,31-01-1995
Barclays US Govt/Credit Interm TR USD,Core Fixed Income,XIUSA000BL,-1.17,2.32,1.01,2.25,-0.82,1.3,0.95,0.34,1.02,0.51,-0.21,-1.83,-0.23,1.21,0.23,-0.26,-1.3,2.86,0.64,1.05,2.56,1.11,-0.38,-0.17,-0.44,1.59,-0.21,0.15,1.73,1.36,-0.85,0.09,1.05,-0.41,0.43,2,1.98,2.52,2.05,-1.29,0.47,2.12,0.95,0.27,-0.64,0.37,0.13,-0.35,2.2,1.34,1.39,-0.41,0.77,1.16,1.52,1.37,1.01,0.8,0.68,1.09,0.61,0.07,1.11,1.91,1.72,1.14,1.15,2.44,-0.91,0.39,-0.39,0.88,1.55,1.48,1.99,1,1.36,-1.3,-0.38,1.34,1.95,1.58,0.4,0.8,-0.22,1.57,0.24,1.59,0.42,0.27,-0.56,0.46,1.11,-1.48,-1.65,-0.68,0.07,0.01,1.44,0.31,-0.92,-0.01,-0.45,0.35,1.69,2.07,0.57,1.23,3.02,0.67,0.01,0.91,0.72,1.11,1.31,1.05,0.86,-1.17,-0.52,-0.35,-0.08,1.06,0.3,0.08,1.39,1.77,1.32,-0.64,0.39,0.19,-0.69,1.17,0.83,0.91,2.03,-0.5,1.16,1.11,0.22,0.8,1.31,-0.08,0.32,0.5,0.73,0.64,0.35,1.57,2.51,-0.1,-0.01,0.4,0.55,-1.47,0.75,0.31,-0.77,0.07,-0.09,0.08,0.93,0.26,0.12,-0.33,-0.37,0.82,1.04,-0.23,0.16,1.76,0.76,1.18,0.91,0.46,1.36,1.84,1.64,0.94,0.77,-0.26,0.56,0.37,2.08,1,1.46,1.66,-1,-0.55,0.52,0.79,-1.52,1.65,1,0.86,1.18,1.49,1.79,-0.39,-0.09,2.18,0,1.41,0.1,0.76,2.01,-0.07,-2.72,0.24,2.53,-0.94,0.14,0.87,0.66,1.02,0.78,-2.37,-0.45,0.3,0.84,1.67,0.17,0.67,-0.91,0.68,0.19,-0.55,-0.52,1.14,0.9,0.42,-0.83,1.17,-0.85,-0.55,0.44,0.63,-0.01,0.07,-0.44,0.05,0.01,0.15,1.12,1.25,0.79,0.53,0.91,-0.41,0.04,1.38,0.17,0.48,-0.64,0.02,0.95,1.21,0.69,0.73,1.9,0.26,2.13,0.86,-0.01,-0.74,-0.8,0.01,0.19,0.72,-2.08,-1.37,3.27,2.93,-0.39,-0.6,0.95,0.45,0.74,0.47,1.38,0.99,0.85,0.44,1.34,-1.46,1.39,0.43,-0.28,0.87,0.71,1.36,1.09,1.17,0.47,0.48,-0.67,-1.25,0.39,-0.03,-0.02,1.13,1.14,-0.16,1.43,1.07,-0.12,0.3,-0.24,0.78,1.02,-0.05,-0.36,0.92,0.48,0.08,0.97,0.19,0.24,0.14,0.3,-0.1,-0.36,0.48,0.14,0.63,-1.13,-1.2,0.31,-0.5,0.81,0.62,-0.01,-0.63,0.92,0.38,-0.3,0.51,0.79,-0.07,-0.22,0.7,-0.51,0.7,0.5,-0.32,1.66,-0.7,0.49,-0.04,0.01,-0.6,0.36,-0.08,0.67,-0.1,-0.26,-0.33,1.22,0.49,0.72,0.27,-0.11,-0.11,29-12-1972
Barclays US MBS TR USD,Mortgage Backed Securities,XIUSA000MN,-1.6,1.46,1.95,1.88,0.06,1.38,2.02,0.34,1.55,0.8,-0.15,-2.83,-0.29,1.8,0.38,-0.44,-2.02,3.02,1.22,1.32,3.74,1.28,-0.75,-0.44,-0.71,2.85,-0.34,0.22,2.49,2.19,-1.46,-0.52,1.73,-0.64,0.16,2.02,3.1,2.46,2.26,-1.3,0.71,2.28,1.08,0.59,-0.7,0.59,0.25,-0.9,3.1,1.58,1.74,-1.06,0.82,1.13,2.1,1.68,1.52,0.84,0.68,0.92,0.88,0.09,1.69,1.82,1.87,1.66,0.73,2.01,-1.16,0.95,-0.64,0.98,1.8,1.18,0.87,1.3,0.78,-0.88,0.31,1.29,1.31,1.01,0.61,0.52,0.57,0.77,0.4,0.47,0.09,0.29,-0.2,0.81,0.99,-0.7,-2.6,-0.74,0.4,-0.22,2,0.32,-1.42,-0.06,-0.31,0.8,2.14,2.55,0.47,1.42,3.15,0.57,0.17,1.04,0.88,0.89,1.14,1.25,0.75,-0.83,-0.36,-0.28,-0.29,1.38,0.37,0,1.67,1.96,1.43,-0.52,0.74,0.33,-0.94,1.59,0.98,1.17,1.88,-0.24,1.27,1.11,0.33,0.91,0.99,0.21,0.42,0.57,0.66,0.48,0.51,0.91,1.21,-0.13,0.5,0.42,0.71,-0.4,0.67,0.46,-0.56,-0.35,-0.68,0,1.62,0.58,0.05,-0.24,-0.87,1.16,1.09,0.07,0.05,2.14,0.64,1.52,1.04,0.72,1.5,1.61,1.56,0.57,0.58,0.14,0.66,0.21,1.78,0.88,1.5,1.38,-0.92,-0.38,0.93,1.14,-1.06,1.89,0.73,0.82,1.14,0.79,0.71,0.38,-0.07,1.04,0.24,0.67,0.01,0.42,0.08,0.16,-1.87,0.71,1.7,-0.35,0.21,1.07,0.63,0.84,0.44,-1.78,-0.22,0.88,0.9,1.54,0.15,0.81,-0.25,0.7,0.53,-0.46,-0.19,1.11,0.79,0.36,-0.5,0.89,-0.53,-0.7,0.33,0.98,0.32,0.47,-0.85,0.01,-0.19,0.19,1.43,1.45,0.7,0.72,1.15,-0.28,0.06,1.23,0.26,0.49,-0.57,-0.42,0.68,1.18,0.77,1.01,1.74,0.28,1.85,0.02,0.56,0.1,-0.53,-0.06,-0.14,1.25,0.75,-1.26,3.93,1.67,0.19,0.58,1.42,0.28,0.29,0.13,0.82,0.67,0.8,0.71,1.28,-1.41,1.33,0.18,0.03,0.6,1.12,1.12,0.86,0.15,-0.38,0.98,-0.18,-0.55,0.05,0.25,0.28,1.1,1.07,0.09,0.93,1.25,0.17,0,0.18,0.7,0.41,0.09,0.07,0.65,0.32,0.12,0.8,0.11,0.21,-0.17,-0.17,0.14,-0.5,0.34,0.12,0.53,-1.53,-0.96,-0.09,-0.29,1.41,0.68,-0.62,-0.47,1.56,0.34,-0.32,0.92,1.2,0.26,-0.59,0.94,-0.16,0.97,0.65,0.15,0.85,-0.16,0.37,0.04,-0.02,-0.76,0.63,0.08,0.58,0.07,-0.14,-0.03,1.3,0.37,0.3,0.16,0.13,0.13,30-01-1976
Bloomberg Commodity TR USD,Commodities,XIUSA04GUL,,,,,,,,,,,,,,,,,,,,,,,,,,,,,,,,,,,,,,,,,,,,,,,,,,,,,,,,,-5.11,2.06,0.7,0.45,-1.09,-2.47,4.29,0.16,1.31,0.9,-2.53,-4.18,1.99,0.01,0.92,0.82,3.41,0.41,-0.35,-1.07,1.48,-2.95,-0.84,-0.05,-0.19,1.23,2.37,0.92,-1.79,-0.32,1.72,-1.71,-2.33,-1.24,-1.07,1.46,3.7,-0.77,0.22,2.11,5.36,2.83,1.36,-2.65,0.15,0.8,-0.22,2.82,-0.57,-0.13,2.48,2,-0.68,-0.99,1.94,1.71,0.95,0.85,1.56,5.29,0.72,2.13,4.76,4.9,-0.45,-0.17,-1.42,4.85,0.51,-1.39,5.58,1.36,0.64,1.05,2.09,0.79,1.48,-5.75,3.25,-0.1,1.12,0.4,-3.97,-3.99,0.37,-4.3,0.29,-1.31,-4.92,-2.15,-6.02,-6.34,7.76,-2.97,-7.21,-3.4,-0.44,-3.48,9.58,4.04,-6.14,5.59,1.76,5.8,5.2,-3.96,2.35,2.87,5.42,1.75,0.97,-1.23,6.73,2.36,-5.01,9.84,-0.62,-2.42,8.04,3.2,-2.35,-0.42,-4.26,3.52,-2.1,-3.99,1.3,-0.04,-6.75,-4.75,0.77,-1.97,-0.67,2.59,10.23,0,-1.54,1.94,-0.54,3.94,3.77,-1.03,0.28,4.9,7.7,3.36,-7.54,-0.62,5.85,-2.47,0.6,3.95,0.08,4.78,-0.31,7.38,1.81,6.49,3.09,-1.77,1.7,-4.15,1.77,-1.82,6.85,1.69,-1.2,-4.91,1.04,7.06,3.57,-5.83,-0.78,1.68,4.48,7.55,4.65,-6.28,0.26,3.19,1.85,-6.26,2.22,6.78,0.96,-1.55,3.21,-3.6,-6.02,4.74,5.47,-4.59,0.21,3.37,0.97,1.16,0.13,-1.4,2.08,-3.63,8,3.33,-3.14,4.63,4.22,12.28,-6.34,3.56,2.73,9.1,-11.85,-7.28,-11.53,-21.28,-6.96,-4.48,-5.38,-4.43,3.6,0.73,13,-1.9,3.23,-0.58,1.57,3.28,3.52,1.98,-7.28,3.71,-1.24,1.94,-6.92,0.32,6.77,-2.55,7.26,4.98,-0.35,10.69,1,1.32,2.06,3.46,-5.06,-5.04,2.96,1,-14.73,6.62,-2.22,-3.75,2.47,2.7,-4.14,-0.42,-9.13,5.49,6.47,1.3,1.71,-3.87,0.05,-2.61,2.4,-4.09,0.67,-2.79,-2.24,-4.71,1.36,3.4,-2.55,-1.48,-0.8,1.24,0.3,6.24,0.41,2.44,-2.87,0.6,-4.98,-1.05,-6.23,-0.8,-4.07,-7.63,-3.34,2.58,-5.14,5.73,-2.7,1.73,-10.62,-0.92,-3.42,-0.45,-7.25,-3.09,-1.68,-1.63,3.82,8.51,-0.19,-0.19,31-12-1990
FTSE NAREIT Equity REITs TR USD,REITs,F00000LP41,-1.7,5.12,-0.52,3.32,-0.82,2.25,-0.7,-1.82,5.6,3.58,0.18,-1.21,-0.76,2.76,0,-2.39,-0.77,-15.24,2.25,3.96,5.48,3.82,0.5,0.7,-1.48,3.47,1.07,-0.47,0.56,-0.44,-2.02,1.79,2.22,-0.3,0.46,2.83,0.93,1.94,3.7,0.92,-0.94,-2.58,-0.31,-0.2,-4.15,-0.7,1,-1.74,-0.08,1.73,-0.91,-7.2,-7.07,-3.37,7.1,-0.3,10.94,1.81,8.67,2.53,1.11,-2.79,2.02,-0.4,2.45,-1.1,-0.55,7.16,4.87,-2.39,-1.66,-0.36,4.37,-1.31,4.34,0.31,2.06,-0.13,2.12,1.8,6.42,5.38,8.47,-4.4,-1.59,3.24,1.75,2.47,4.88,-1.91,-5.42,-0.17,2.91,4.34,-3.7,1.7,2.23,-2.04,-0.49,0.3,-1.86,-3.47,-3.44,7.3,-2.18,2.47,-0.4,-0.03,4.25,1.59,1.72,1.2,1.71,-2.14,0.91,5.46,1.65,1.17,-0.55,0.51,2.58,1.3,0.75,3.94,1.74,2.97,4.56,10.39,1.12,-0.2,-0.21,-2.75,2.94,4.86,3.09,-0.24,8.73,-2.7,2.16,2.36,-0.53,-1.7,1.79,-3.26,-0.7,-0.68,-6.49,-9.44,5.66,-1.85,1.47,-2.52,-2.09,-2.35,-0.45,9.49,2.2,-1.62,-3.18,-1.27,-3.8,-2.46,-1.63,3.17,0.33,-1.19,3.29,6.72,0.98,2.57,8.74,-4.06,3.18,-4.33,1.28,7.04,1.04,-1.6,0.97,2.39,2.42,5.86,-1.99,3.66,-4.15,-2.86,5.5,2.44,0.2,1.93,6,0.85,1.35,2.73,-5.23,-0.2,-3.84,-4.8,4.7,0.74,-2.91,1.65,2,4.4,6.04,2.18,5.35,0.54,3.4,1.81,4.36,3.5,4.32,1.75,5.53,-14.58,7.13,2.93,0.33,7.94,-0.06,5.36,4.3,4.85,-8.4,3.07,-1.55,5.32,3.47,5.03,7.14,-3.66,0.6,-2.37,4.21,-0.2,7.31,1.79,5.05,-3.72,-2.85,5.2,3.37,3.78,1.85,6.26,4.65,-1.56,8.42,-2.24,-2.39,-0.02,0.05,-9.07,-7.8,6.57,4.41,1.12,-9.07,-5.03,-1.03,-3.56,6.23,5.86,0.77,-10.88,3.47,2.21,-0.19,-31.67,-23.06,16.39,-17.31,-20.82,4.06,31.02,2.16,-3.73,10.47,13.39,6.4,-4.5,6.91,7.15,-5.21,5.34,10.18,6.94,-5.55,-5.02,9.52,-1.39,4.47,4.7,-1.96,4.67,3.25,4.62,-1.55,5.7,1.39,-3.31,1.54,-5.67,-10.96,14.4,-3.78,4.67,6.5,-1.07,5.16,2.88,-4.54,5.61,1.95,0.02,-1.78,-0.84,-0.29,3.75,3.74,1.26,2.99,6.68,-5.93,-1.92,0.95,-6.97,3.18,4.48,-5.19,0.23,4.14,5.01,0.56,3.31,2.41,1.11,0.03,2.95,-5.95,9.94,1.96,1.87,6.71,-3.48,1.71,-5.49,-0.12,-4.6,5.64,-6.19,2.93,5.87,-0.52,1.84,-3.35,-0.42,10.14,-2.39,2.43,2.43,31-12-1971
MSCI EAFE NR USD,International Developed Equity,XIUSA000PK,-4.45,6.82,6.16,9.86,-1.03,-6.68,5.76,5.3,10.62,3,8.2,10.58,0,-3.19,-0.18,7.5,-1.57,-14.01,0.98,2.97,1.79,6.67,6.15,1.45,-3.2,-2.64,3.14,-6.5,4.37,8.56,5.96,0.56,1.76,0.51,-1.96,0.93,-5.44,-1.68,12.56,-4.5,4.55,-4.02,5.03,3.69,-3.72,-6.98,-10.42,-0.79,11.41,-0.88,1.41,-9.71,-13.94,15.58,-5.9,1.63,3.23,10.72,-6,0.98,1.05,-7.35,4.91,-2.03,5.64,1.42,-4.67,5.17,-2.13,-3.58,-6.6,0.47,6.69,-4.74,-2.56,6.27,-1.97,-5.25,0.94,0.52,-0.01,3.02,8.72,9.49,2.11,-1.56,3.5,5.4,-2.25,3.08,-8.74,7.22,8.45,-0.28,-4.31,4.24,-0.57,1.41,0.96,2.37,-3.15,3.33,-4.81,0.63,-3.84,-0.29,6.24,3.76,-1.19,-1.75,6.23,-3.81,1.95,-2.69,2.78,4.03,0.41,0.34,2.12,2.91,-1.84,0.56,-2.92,0.22,2.66,-1.02,3.98,-1.29,-3.5,1.64,0.36,0.53,6.51,5.51,1.62,-7.47,5.6,-7.69,-1.02,0.87,4.57,6.42,3.08,0.79,-0.49,0.76,1.01,-12.39,-3.07,10.42,5.12,3.94,-0.3,-2.38,4.17,4.05,-5.15,3.9,2.97,0.37,1.01,3.75,3.47,8.98,-6.35,2.69,3.88,-5.26,-2.44,3.91,-4.19,0.87,-4.87,-2.36,-3.75,3.55,-0.05,-7.5,-6.67,6.95,-3.53,-4.09,-1.82,-2.53,-10.13,2.56,3.69,0.59,-5.31,0.7,5.41,0.66,1.27,-3.98,-9.87,-0.23,-10.74,5.37,4.54,-3.36,-4.17,-2.29,-1.96,9.8,6.06,2.42,2.42,2.41,3.08,6.23,2.22,7.81,1.41,2.31,0.56,-2.26,0.34,2.19,-3.25,0.44,2.61,3.41,6.83,4.39,-1.83,4.32,-2.51,-2.35,0.05,1.33,3.07,2.53,4.45,-2.92,2.45,4.65,6.14,-0.22,3.3,4.78,-3.88,-0.01,0.99,2.75,0.15,3.89,2.99,3.14,0.68,0.81,2.55,4.44,1.75,0.12,-1.47,-1.56,5.35,3.93,-3.29,-2.25,-9.24,1.43,-1.05,5.43,0.97,-8.18,-3.21,-4.05,-14.46,-20.18,-5.41,6.01,-9.81,-10.26,6.34,12.8,11.83,-0.57,9.13,5.44,3.83,-1.25,2,1.44,-4.41,-0.69,6.24,-1.81,-11.51,-1,9.48,-3.1,9.8,3.61,-4.81,8.1,2.36,3.3,-2.24,5.98,-2.95,-1.25,-1.59,-9.03,-9.53,9.64,-4.85,-0.95,5.33,5.74,-0.46,-1.96,-11.48,7.01,1.13,2.69,2.96,0.83,2.42,3.2,5.27,-0.95,0.82,5.21,-2.41,-3.55,5.28,-1.32,7.39,3.36,0.77,1.5,-4.03,5.56,-0.64,1.45,1.62,0.96,-1.96,-0.15,-3.84,-1.45,1.36,-3.46,0.49,5.98,-1.52,4.08,-0.51,-2.83,2.08,-7.36,-5.08,7.82,-1.56,-1.35,-7.23,-1.83,6.51,2.9,-0.91,-0.91,31-12-1969
MSCI EM NR USD,Emerging Markets,XIUSA04F2T,,,,,,,,,,,,,,,,,,,,,,,,,,,,,,,,,,,,,,,,,,,,,,,,,,,,,,,,,,,,,,,,,,,,,,,,,,,,,,,,,,,,,,,,,,,,,,,,,,,,,,,,,,,,,,,,,,,,,,,,,,,,,,,,,,,,,,,,,,,,,,,,,,,,,,,,,-1.51,0.96,13.21,12.36,-0.58,11.32,-2.78,0.94,-3.42,2.11,8.97,12.75,0.56,1.35,0.54,-9.47,-4.2,3.36,-5.17,0.42,-8.74,-7.26,-8.76,2.4,13.76,-7.84,-9.87,4.93,1.16,-2.09,-6.36,-1,-15.49,6.2,10.43,7.93,3.37,1.62,5.98,0.64,-1.62,-7.53,-7.64,1.53,-10.79,6.5,6.88,-3.33,-0.44,-2.81,-2.86,8.89,7.15,5.67,6.22,6.69,0.73,8.51,1.22,7.24,3.49,4.59,1.25,-8.19,-1.99,0.43,-1.83,4.15,5.77,2.39,9.26,4.8,0.25,8.73,-6.61,-2.68,3.48,3.4,6.99,0.86,9.31,-6.54,8.27,5.91,11.17,-0.12,0.88,7.12,-10.48,-0.24,1.41,2.55,0.83,4.75,7.43,4.5,-1.06,-0.59,3.97,4.74,4.85,4.69,5.28,-2.13,11.04,11.15,-7.09,0.35,-12.48,7.38,-5.29,8.12,1.86,-9.98,-3.77,-7.99,-17.5,-27.37,-7.53,7.8,-6.46,-5.64,14.37,16.64,17.09,-1.35,11.24,-0.36,9.08,0.12,4.3,3.95,-5.58,0.35,8.07,1.21,-8.8,-0.74,8.33,-1.94,11.11,2.9,-2.64,7.14,-2.71,-0.93,5.88,3.1,-2.62,-1.54,-0.44,-8.94,-14.58,13.25,-6.66,-1.21,11.34,5.99,-3.34,-1.2,-11.21,3.86,1.95,-0.33,6.03,-0.61,1.27,4.89,1.38,-1.26,-1.72,0.75,-2.57,-6.37,1.04,-1.72,6.5,4.86,-1.46,-1.45,-6.49,3.31,3.07,0.33,3.49,2.66,1.93,2.25,-7.41,1.18,-1.06,-4.61,0.6,3.1,-1.42,7.69,-4,-2.6,-6.93,-9.04,-3.01,7.13,-3.9,-2.23,-6.49,-0.16,13.23,0.54,-3.73,-3.73,31-12-1998
Russell 2000 TR USD,Small Cap US Equity,XIUSA000O5,3.45,-0.12,-9.35,3.18,-6.17,3.97,-0.34,-2.89,11.57,8.41,2.69,-2.89,-0.32,2.57,3.12,2.96,-1.82,-30.63,-5.35,8.05,4.36,9.01,4.68,2.27,-2.69,7.13,-0.95,-2.55,2.65,-1.11,-3.31,3.93,4.47,0.73,2.36,4.36,4.31,-2.29,3.86,2.44,0.32,-5.92,0.67,0.38,-8.74,3.1,3.89,-3.27,7.08,0.2,-4.4,-13.32,-8.85,-6.1,7.62,3.97,9.04,11.15,7.04,-0.25,4.77,-5.83,3.51,3.7,0.78,2.64,-4.63,8.01,8.1,2.92,-3.38,-3.5,1.33,-4.73,3.48,-2.82,2.31,3.18,7.65,3.48,3.38,-2.31,3.24,-2.74,4.42,0.62,1.38,4.32,2.82,2.57,-3.29,3.42,3.14,-0.36,-5.28,0.59,-1.12,-3.4,1.64,5.57,-0.33,-0.39,-4.04,2.69,-1.26,4.16,1.72,2.22,1.72,5.19,5.76,2.07,1.79,-4.47,4.2,2.64,-0.11,3.12,2.04,5.35,3.94,-4.11,-8.73,5.81,3.91,-1.54,4.12,2.62,2,-2.42,-4.72,0.28,11.12,4.29,4.65,2.29,7.32,-4.39,-0.65,1.75,-1.58,7.39,4.12,0.55,-5.39,0.21,-8.1,-19.42,7.83,4.08,5.24,6.19,1.33,-8.1,1.56,8.96,1.46,4.52,-2.74,-3.7,0.02,0.41,5.97,11.32,-1.61,16.51,-6.59,-6.02,-5.83,8.72,-3.22,7.63,-2.94,-4.46,-10.27,8.59,5.21,-6.56,-4.89,7.82,2.46,3.45,-5.41,-3.23,-13.46,5.85,7.74,6.17,-1.04,-2.74,8.04,0.91,-4.44,-4.96,-15.1,-0.25,-7.18,3.21,8.92,-5.57,-2.77,-3.02,1.29,9.48,10.73,1.81,6.26,4.58,-1.85,8.4,3.55,2.03,4.34,0.9,0.93,-5.1,1.59,4.21,-6.73,-0.51,4.69,1.97,8.67,2.96,-4.17,1.69,-2.86,-5.73,6.55,3.86,6.34,-1.85,0.31,-3.1,4.85,-0.46,8.97,-0.28,4.85,-0.02,-5.62,0.64,-3.25,2.96,0.83,5.76,2.63,0.33,1.67,-0.79,1.07,1.8,4.1,-1.46,-6.84,2.27,1.72,2.87,-7.18,-0.06,-6.82,-3.71,0.42,4.19,4.59,-7.7,3.7,3.61,-7.97,-20.8,-11.83,5.8,-11.12,-12.15,8.93,15.46,3.01,1.47,9.63,2.87,5.77,-6.79,3.14,8.05,-3.68,4.5,8.14,5.66,-7.59,-7.75,6.87,-7.4,12.46,4.09,3.47,7.94,-0.26,5.48,2.59,2.64,-1.87,-2.31,-3.61,-8.7,-11.21,15.14,-0.36,0.66,7.07,2.39,2.56,-1.54,-6.62,4.99,-1.38,3.33,3.28,-2.17,0.53,3.56,6.26,1.1,4.62,-0.37,4,-0.51,7,-3.18,6.38,2.51,4.01,1.97,-2.77,4.71,-0.68,-3.88,0.8,5.32,-6.05,4.96,-6.05,6.59,0.09,2.85,-3.22,5.94,1.74,-2.55,2.28,0.75,-1.16,-6.28,-4.91,5.63,3.25,-5.02,-8.79,0,7.98,1.57,2.25,2.25,29-12-1978
S&P 500 TR USD,Large Cap US Equity,XIUSA04G92,5.32,1.69,-5.59,7.42,-8.27,5.77,2.43,-2.55,13.47,3.95,2.89,-0.89,0.87,5.05,5.07,3.73,-2.19,-21.54,-8.24,7.61,4.21,4.66,-3.09,1.11,0.86,4.59,-0.38,-3.39,4.26,2.78,-1.43,1.74,7.32,-2.49,2.33,5.19,4.05,-0.57,9.03,1.95,-0.41,-2.32,2.04,2.4,-6.71,1.29,2.65,-2.49,9.75,-0.67,-0.32,-9.04,-4.87,-0.43,6.46,2.79,4.36,7.15,2.42,0.24,4.31,-4.58,4.66,2.37,-1.67,1.34,-4.03,11.44,-1.86,1.3,-1.94,2.94,0.49,-1.49,4.09,-2.05,1.18,0.35,3.41,1.23,0.84,1.36,2.11,-2.42,2.68,0.29,-0.4,3.79,-0.77,2.07,-0.95,1.21,3.4,-2.71,-4.36,1.28,1.64,-2.45,3.28,4.1,-2.45,2.25,-3.64,1.48,2.59,3.9,2.95,2.94,4,2.32,3.32,0.25,4.22,-0.36,4.39,1.93,3.4,0.93,0.96,1.47,2.58,0.38,-4.42,2.11,5.63,2.76,7.56,-1.98,6.25,0.78,-4.11,5.97,6.09,4.48,7.96,-5.6,5.48,-3.34,4.63,1.72,1.11,7.21,5.12,1.01,-1.72,4.06,-1.06,-14.46,6.41,8.13,6.06,5.76,4.18,-3.11,4,3.87,-2.36,5.55,-3.12,-0.49,-2.74,6.33,2.03,5.89,-5.02,-1.89,9.78,-3.01,-2.05,2.47,-1.56,6.21,-5.28,-0.42,-7.88,0.49,3.55,-9.12,-6.34,7.77,0.67,-2.43,-0.98,-6.26,-8.08,1.91,7.67,0.88,-1.46,-1.93,3.76,-6.06,-0.74,-7.12,-7.8,0.66,-10.87,8.8,5.89,-5.87,-2.62,-1.5,0.97,8.24,5.27,1.28,1.76,1.95,-1.06,5.66,0.88,5.24,1.84,1.39,-1.51,-1.57,1.37,1.94,-3.31,0.4,1.08,1.53,4.05,3.4,-2.44,2.1,-1.77,-1.9,3.18,0.14,3.72,-0.91,0.81,-1.67,3.78,0.03,2.65,0.27,1.24,1.34,-2.88,0.14,0.62,2.38,2.58,3.26,1.9,1.4,1.51,-1.96,1.12,4.43,3.49,-1.66,-3.1,1.5,3.74,1.59,-4.18,-0.69,-6,-3.25,-0.43,4.87,1.3,-8.43,-0.84,1.45,-8.91,-16.79,-7.18,1.06,-8.43,-10.65,8.76,9.57,5.59,0.2,7.56,3.61,3.73,-1.86,6,1.93,-3.6,3.1,6.03,1.58,-7.99,-5.23,7.01,-4.51,8.92,3.8,0.01,6.68,2.37,3.43,0.04,2.96,-1.13,-1.67,-2.03,-5.43,-7.03,10.93,-0.22,1.02,4.48,4.32,3.29,-0.63,-6.01,4.12,1.39,2.25,2.58,-1.85,0.58,0.91,5.18,1.36,3.75,1.93,2.34,-1.34,5.09,-2.9,3.14,4.6,3.05,2.53,-3.46,4.57,0.84,0.74,2.35,2.07,-1.38,4,-1.4,2.44,2.69,-0.25,-3,5.75,-1.58,0.96,1.29,-1.94,2.1,-6.03,-2.47,8.44,0.3,-1.58,-4.96,-0.13,6.78,0.39,1.8,1.8,30-01-1970
DJ Brookfield Glb Infra Comp TR USD,Infrastructure,F00000PJPG,,,,,,,,,,,,,,,,,,,,,,,,,,,,,,,,,,,,,,,,,,,,,,,,,,,,,,,,,,,,,,,,,,,,,,,,,,,,,,,,,,,,,,,,,,,,,,,,,,,,,,,,,,,,,,,,,,,,,,,,,,,,,,,,,,,,,,,,,,,,,,,,,,,,,,,,,,,,,,,,,,,,,,,,,,,,,,,,,,,,,,,,,,,,,,,,,,,,,,,,,-2.19,-0.06,1.18,5.58,7.15,1.73,-2.94,-0.4,3.7,3.51,3.81,5.77,0.15,3.62,0.31,-3.65,2.58,2.1,1.15,3.36,3.36,3.56,6.16,4.48,2.53,0.43,-2.89,1.43,2,4.71,0.47,1.61,2.51,-5.26,1.83,1.09,5.12,1.84,-1.47,4.61,0.2,1.67,3.65,3.32,1.44,4.11,5.52,1.05,1.14,0.79,4.43,2.82,2.41,-1.97,-1.97,-1.05,4.28,5.65,-1.5,-0.42,-6.1,0.3,-2.94,4.85,1.96,-7.35,-1.34,-1.73,-10.86,-12.36,-9.46,1.77,-1.84,-7.41,2.93,7.33,8.39,0.97,7.22,-0.38,6.34,0.19,6.12,5.15,-3.42,1.28,4.31,-0.49,-8.41,2.62,8.47,-0.3,6.64,4.79,-2.88,3.43,1.3,3.73,1.68,4.53,-0.38,-0.44,-1.38,-0.83,-4.03,6.5,0.29,3.01,1.51,3.46,-0.71,2.25,-5.39,4.12,3.76,0.12,2.43,1.1,-0.31,1,5.21,0.82,4,3.97,-4.5,-0.88,3.06,-3.39,3.64,3.88,-0.8,2.9,-0.43,3.76,1.57,2.93,3.29,4.24,-1.65,4.35,-3.45,0.9,0.58,-1.14,-0.62,0.15,-1.27,4.04,-1.64,-4.73,-0.21,-4.7,-4.68,6.52,-4.81,-2.98,-2.77,0.5,8.01,3.42,0.21,0.21,31-12-2002
Russell 1000 TR USD,,XIUSA000O4,5.4,1.68,-5.58,7.17,-8.31,5.42,1.8,-2.7,12.94,4.37,1.99,-1.56,0.71,4.74,4.38,4.14,-2.2,-21.69,-7.72,7.31,4.49,4.92,-2.63,0.82,0.6,5.13,-0.78,-2.79,4.14,2.11,-1.53,1.99,6.93,-1.97,2.27,5.06,4.26,-0.51,8.39,2.07,-0.25,-2.67,1.89,2.01,-7.14,1.57,2.49,-2.6,9.36,-0.55,-0.89,-9.18,-5.11,-0.49,6.83,3.03,4.83,7.29,2.72,0.12,4.11,-4.48,4.8,2.62,-1.26,1.6,-3.78,11.43,-1.24,1.22,-2.13,2.42,0.62,-1.6,4.08,-2.11,1.26,0.83,3.84,1.65,0.79,0.9,2.43,-2.64,2.75,0.66,-0.31,3.85,-0.28,1.32,-1.37,1.82,3.05,-2.63,-4.27,1.2,1.33,-2.68,3.26,4.22,-2.33,1.89,-3.6,1.43,2.59,4.07,2.57,2.66,3.84,2.65,3.82,0.75,4.12,-0.46,4.46,1.52,3.23,1.3,0.9,1.52,2.4,0.11,-4.82,2.72,5.62,2.21,7.38,-1.62,5.93,0.38,-4.5,5.41,6.4,4.14,8.18,-4.72,5.48,-3.24,4.34,2.03,0.74,7.13,5.04,1.03,-2.16,3.7,-1.2,-14.95,6.73,7.9,6.19,6.37,3.57,-3.17,3.83,4.18,-2.16,5.1,-3.05,-0.94,-2.75,6.72,2.57,6.03,-4.09,-0.27,9.11,-3.33,-2.59,2.55,-1.66,7.4,-4.64,-1.2,-9.14,1.21,3.29,-9.33,-6.64,8.03,0.68,-2.26,-1.37,-6.09,-8.48,2.08,7.7,1.07,-1.27,-1.99,4.11,-5.73,-0.88,-7.38,-7.4,0.52,-10.74,8.31,5.85,-5.66,-2.42,-1.55,1.04,8.07,5.7,1.32,1.99,2.03,-1.02,5.86,1.2,4.79,1.9,1.38,-1.36,-1.81,1.44,1.8,-3.51,0.49,1.26,1.61,4.28,3.62,-2.52,2.25,-1.58,-1.84,3.54,0.41,3.89,-0.87,0.93,-1.75,3.8,0.14,2.8,0.22,1.42,1.2,-2.95,0.13,0.22,2.4,2.37,3.4,2.13,1.28,1.93,-1.72,1.04,4.2,3.6,-1.91,-3.09,1.36,3.82,1.74,-4.26,-0.65,-6,-3.06,-0.68,5.07,1.83,-8.31,-1.16,1.38,-9.53,-17.46,-7.56,1.6,-8.16,-10.34,8.75,10.12,5.53,0.24,7.63,3.63,4.06,-2.21,5.89,2.43,-3.6,3.3,6.14,1.85,-7.93,-5.57,6.95,-4.47,9.19,3.89,0.33,6.68,2.4,3.48,0.26,3.01,-1.07,-1.75,-2.17,-5.76,-7.46,11.21,-0.26,0.84,4.87,4.39,3.13,-0.58,-6.15,3.83,1.19,2.43,2.57,-1.69,0.79,1.04,5.42,1.34,3.86,1.81,2.22,-1.36,5.35,-2.76,3.49,4.4,2.81,2.7,-3.19,4.75,0.64,0.47,2.3,2.27,-1.62,4.13,-1.75,2.44,2.62,-0.23,-2.75,5.78,-1.25,0.71,1.31,-1.88,1.93,-6.02,-2.74,8.09,0.33,-1.8,-5.38,-0.03,6.97,0.54,1.75,1.75,29-12-1978
